{
    "bert_type": "UTH",
    "data_path": "./data/csv/icorpus_UTH.csv",
    "best_epoch": 64,
    "best_val_F": 0.9096267190569745,
    "stopped_early": true,
    "train_total_sec": 8321.8,
    "predict_sec": 6.2,
    "n_train_sent": 1323,
    "n_val_sent": 344,
    "n_test_sent": 408,
    "n_tags": 193,
    "test_strict_micro": {
        "precision": 0.8923569794050343,
        "recall": 0.8969546416413654,
        "f1": 0.8946499036432046,
        "support": 10869
    },
    "test_strict_macro": {
        "precision": 0.6672846452050553,
        "recall": 0.6541937686038757,
        "f1": 0.651155319259707,
        "support": 10869
    },
    "test_soft_micro": {
        "precision": 0.9273876018679608,
        "recall": 0.9318244548716533,
        "f1": 0.9296007342817805,
        "support": 10869
    },
    "test_soft_macro": {
        "precision": 0.684321078297124,
        "recall": 0.6716100247035692,
        "f1": 0.6682691033181474,
        "support": 10869
    }
}