{
    "bert_type": "UTH",
    "data_path": "data/csv/icorpus_UTH.csv",
    "best_epoch": 35,
    "best_val_F": 0.9122011036174126,
    "stopped_early": true,
    "train_total_sec": 5392.3,
    "predict_sec": 6.5,
    "n_train_sent": 1323,
    "n_val_sent": 344,
    "n_test_sent": 408,
    "n_tags": 203,
    "test_strict_micro": {
        "precision": 0.8931511806749299,
        "recall": 0.9085219952144303,
        "f1": 0.9007710205757562,
        "support": 10866
    },
    "test_strict_macro": {
        "precision": 0.6770482008719763,
        "recall": 0.6513776716172108,
        "f1": 0.6525413071404362,
        "support": 10866
    },
    "test_soft_micro": {
        "precision": 0.9279941886860983,
        "recall": 0.9405484999079698,
        "f1": 0.9342291695232873,
        "support": 10866
    },
    "test_soft_macro": {
        "precision": 0.6930567030485079,
        "recall": 0.6665439321752856,
        "f1": 0.6676462712032027,
        "support": 10866
    }
}