{
    "quality_progress-worsen-patient": {
        "precision": 0.8461538461538461,
        "recall": 0.9705882352941176,
        "f1": 0.9041095890410958,
        "support": 34
    },
    "consultation": {
        "precision": 0.9796954314720813,
        "recall": 0.9948453608247423,
        "f1": 0.9872122762148339,
        "support": 194
    },
    "action": {
        "precision": 0.5,
        "recall": 0.3333333333333333,
        "f1": 0.4,
        "support": 3
    },
    "quality_evaluation-patient": {
        "precision": 0,
        "recall": 0.0,
        "f1": 0,
        "support": 2
    },
    "quality_progress-improve-patient": {
        "precision": 0.9473684210526315,
        "recall": 0.9310344827586207,
        "f1": 0.9391304347826087,
        "support": 58
    },
    "judge-Negative-patient": {
        "precision": 1.0,
        "recall": 0.75,
        "f1": 0.8571428571428571,
        "support": 8
    },
    "PN-Positive-others": {
        "precision": 0.5714285714285714,
        "recall": 0.25,
        "f1": 0.34782608695652173,
        "support": 16
    },
    "body-others": {
        "precision": 0.5833333333333334,
        "recall": 0.3181818181818182,
        "f1": 0.4117647058823529,
        "support": 22
    },
    "quality_evaluation-moderate-patient": {
        "precision": 1.0,
        "recall": 0.5,
        "f1": 0.6666666666666666,
        "support": 2
    },
    "intention-NG": {
        "precision": 1.0,
        "recall": 1.0,
        "f1": 1.0,
        "support": 1
    },
    "execute": {
        "precision": 0.967741935483871,
        "recall": 0.9605911330049262,
        "f1": 0.9641532756489493,
        "support": 406
    },
    "item": {
        "precision": 0.956359102244389,
        "recall": 0.9319562575941677,
        "f1": 0.944,
        "support": 823
    },
    "PN-None-patient": {
        "precision": 0.0,
        "recall": 0.0,
        "f1": 0,
        "support": 1
    },
    "sex-patient": {
        "precision": 1.0,
        "recall": 1.0,
        "f1": 1.0,
        "support": 36
    },
    "person-family": {
        "precision": 0.9565217391304348,
        "recall": 0.9565217391304348,
        "f1": 0.9565217391304348,
        "support": 23
    },
    "quantity_progress-no_change-others": {
        "precision": 0,
        "recall": 0.0,
        "f1": 0,
        "support": 2
    },
    "quantity_progress-decrease-others": {
        "precision": 0,
        "recall": 0.0,
        "f1": 0,
        "support": 1
    },
    "food": {
        "precision": 1.0,
        "recall": 1.0,
        "f1": 1.0,
        "support": 3
    },
    "quantity_progress-patient": {
        "precision": 0.8333333333333334,
        "recall": 0.625,
        "f1": 0.7142857142857143,
        "support": 8
    },
    "quality_progress-no_change-patient": {
        "precision": 0.6428571428571429,
        "recall": 1.0,
        "f1": 0.782608695652174,
        "support": 9
    },
    "tissue-others": {
        "precision": 1.0,
        "recall": 0.25,
        "f1": 0.4,
        "support": 4
    },
    "value-others": {
        "precision": 0.21052631578947367,
        "recall": 0.10526315789473684,
        "f1": 0.14035087719298245,
        "support": 38
    },
    "PN-Negative-patient": {
        "precision": 0.9839357429718876,
        "recall": 0.9645669291338582,
        "f1": 0.9741550695825051,
        "support": 254
    },
    "state-patient": {
        "precision": 0.8982161594963274,
        "recall": 0.9672316384180791,
        "f1": 0.9314472252448313,
        "support": 1770
    },
    "quality_evaluation-severe-others": {
        "precision": 0,
        "recall": 0.0,
        "f1": 0,
        "support": 1
    },
    "judge-future-patient": {
        "precision": 0.42857142857142855,
        "recall": 0.6,
        "f1": 0.5,
        "support": 5
    },
    "PN-Positive-patient": {
        "precision": 0.9463007159904535,
        "recall": 0.9778051787916153,
        "f1": 0.9617950272892662,
        "support": 811
    },
    "quality_progress-no_change-others": {
        "precision": 0,
        "recall": 0.0,
        "f1": 0,
        "support": 1
    },
    "activity-patient": {
        "precision": 0.8,
        "recall": 0.6666666666666666,
        "f1": 0.7272727272727272,
        "support": 12
    },
    "person-others": {
        "precision": 0.8,
        "recall": 0.5714285714285714,
        "f1": 0.6666666666666666,
        "support": 7
    },
    "explain": {
        "precision": 0.3333333333333333,
        "recall": 1.0,
        "f1": 0.5,
        "support": 1
    },
    "gene-others": {
        "precision": 0,
        "recall": 0.0,
        "f1": 0,
        "support": 2
    },
    "judge-Suspicious-patient": {
        "precision": 0.8,
        "recall": 0.9032258064516129,
        "f1": 0.8484848484848486,
        "support": 31
    },
    "PresentHistory": {
        "precision": 1.0,
        "recall": 1.0,
        "f1": 1.0,
        "support": 32
    },
    "quality_evaluation-severe-patient": {
        "precision": 0.9344262295081968,
        "recall": 0.9827586206896551,
        "f1": 0.9579831932773109,
        "support": 58
    },
    "quality_evaluation-mild-patient": {
        "precision": 0.9411764705882353,
        "recall": 0.9411764705882353,
        "f1": 0.9411764705882353,
        "support": 34
    },
    "person-patient": {
        "precision": 0.9230769230769231,
        "recall": 0.9795918367346939,
        "f1": 0.9504950495049506,
        "support": 49
    },
    "function-others": {
        "precision": 0.0,
        "recall": 0.0,
        "f1": 0,
        "support": 2
    },
    "PN-Negative-others": {
        "precision": 1.0,
        "recall": 0.9090909090909091,
        "f1": 0.9523809523809523,
        "support": 22
    },
    "SocialHistory": {
        "precision": 1.0,
        "recall": 1.0,
        "f1": 1.0,
        "support": 8
    },
    "pose": {
        "precision": 1.0,
        "recall": 0.7142857142857143,
        "f1": 0.8333333333333333,
        "support": 7
    },
    "detail": {
        "precision": 0.5833333333333334,
        "recall": 0.7,
        "f1": 0.6363636363636365,
        "support": 20
    },
    "age-patient": {
        "precision": 0.9375,
        "recall": 1.0,
        "f1": 0.967741935483871,
        "support": 105
    },
    "quality_progress-worsen-others": {
        "precision": 0,
        "recall": 0.0,
        "f1": 0,
        "support": 4
    },
    "PastHistory": {
        "precision": 1.0,
        "recall": 1.0,
        "f1": 1.0,
        "support": 34
    },
    "MedicationHistory": {
        "precision": 1.0,
        "recall": 0.5,
        "f1": 0.6666666666666666,
        "support": 4
    },
    "laterality": {
        "precision": 0.9523809523809523,
        "recall": 0.9696969696969697,
        "f1": 0.960960960960961,
        "support": 165
    },
    "clinical_test": {
        "precision": 0.921875,
        "recall": 0.9604651162790697,
        "f1": 0.9407744874715261,
        "support": 430
    },
    "gene-patient": {
        "precision": 0.7058823529411765,
        "recall": 1.0,
        "f1": 0.8275862068965517,
        "support": 12
    },
    "spacial_concept": {
        "precision": 0.9236641221374046,
        "recall": 0.9236641221374046,
        "f1": 0.9236641221374046,
        "support": 131
    },
    "frequency": {
        "precision": 0.8333333333333334,
        "recall": 0.8333333333333334,
        "f1": 0.8333333333333334,
        "support": 6
    },
    "function-patient": {
        "precision": 0.8456140350877193,
        "recall": 0.8992537313432836,
        "f1": 0.8716094032549728,
        "support": 268
    },
    "allergy-patient": {
        "precision": 1.0,
        "recall": 1.0,
        "f1": 1.0,
        "support": 2
    },
    "quality_progress-patient": {
        "precision": 0.9487179487179487,
        "recall": 0.8409090909090909,
        "f1": 0.891566265060241,
        "support": 44
    },