{
    "state-others": {
        "precision": 0.8333333333333334,
        "recall": 0.5263157894736842,
        "f1": 0.6451612903225806,
        "support": 95
    },
    "spacial_concept": {
        "precision": 0.8702290076335878,
        "recall": 0.8507462686567164,
        "f1": 0.8603773584905662,
        "support": 134
    },
    "action": {
        "precision": 0.5,
        "recall": 0.6666666666666666,
        "f1": 0.5714285714285715,
        "support": 3
    },
    "PN-Negative-others": {
        "precision": 0.95,
        "recall": 0.8636363636363636,
        "f1": 0.9047619047619048,
        "support": 22
    },
    "tissue-others": {
        "precision": 1.0,
        "recall": 0.25,
        "f1": 0.4,
        "support": 4
    },
    "allergy-patient": {
        "precision": 1.0,
        "recall": 1.0,
        "f1": 1.0,
        "support": 2
    },
    "time_span": {
        "precision": 0.6857142857142857,
        "recall": 0.6666666666666666,
        "f1": 0.676056338028169,
        "support": 36
    },
    "quantity_progress-no_change-patient": {
        "precision": 0.3333333333333333,
        "recall": 0.5,
        "f1": 0.4,
        "support": 2
    },
    "function-others": {
        "precision": 0.25,
        "recall": 0.3333333333333333,
        "f1": 0.28571428571428575,
        "support": 3
    },
    "activity-patient": {
        "precision": 0.5625,
        "recall": 0.75,
        "f1": 0.6428571428571429,
        "support": 12
    },
    "quantity_progress-decrease-others": {
        "precision": 0,
        "recall": 0.0,
        "f1": 0,
        "support": 1
    },
    "MedicationHistory": {
        "precision": 0.5,
        "recall": 0.5,
        "f1": 0.5,
        "support": 4
    },
    "time": {
        "precision": 0.924863387978142,
        "recall": 0.9602836879432625,
        "f1": 0.942240779401531,
        "support": 705
    },
    "info": {
        "precision": 0.8571428571428571,
        "recall": 0.5,
        "f1": 0.631578947368421,
        "support": 12
    },
    "person-patient": {
        "precision": 0.9245283018867925,
        "recall": 0.98,
        "f1": 0.9514563106796116,
        "support": 50
    },
    "smoking-current-others": {
        "precision": 0,
        "recall": 0.0,
        "f1": 0,
        "support": 1
    },
    "quantity_evaluation-Low-patient": {
        "precision": 0.92,
        "recall": 0.8518518518518519,
        "f1": 0.8846153846153846,
        "support": 27
    },
    "age-patient": {
        "precision": 0.9619047619047619,
        "recall": 0.9619047619047619,
        "f1": 0.9619047619047619,
        "support": 105
    },
    "quantity_progress-decrease-patient": {
        "precision": 0.7727272727272727,
        "recall": 0.9444444444444444,
        "f1": 0.85,
        "support": 18
    },
    "PresentHistory": {
        "precision": 1.0,
        "recall": 1.0,
        "f1": 1.0,
        "support": 32
    },
    "explain": {
        "precision": 0.5,
        "recall": 1.0,
        "f1": 0.6666666666666666,
        "support": 1
    },
    "detail": {
        "precision": 0.7,
        "recall": 0.7,
        "f1": 0.7,
        "support": 20
    },
    "incident": {
        "precision": 0,
        "recall": 0.0,
        "f1": 0,
        "support": 1
    },
    "intention-OK": {
        "precision": 1.0,
        "recall": 0.5,
        "f1": 0.6666666666666666,
        "support": 2
    },
    "quantity_progress-no_change-others": {
        "precision": 0,
        "recall": 0.0,
        "f1": 0,
        "support": 2
    },
    "quantity_evaluation-High-patient": {
        "precision": 0.9090909090909091,
        "recall": 0.8928571428571429,
        "f1": 0.9009009009009009,
        "support": 56
    },
    "drug": {
        "precision": 0.8888888888888888,
        "recall": 0.8559670781893004,
        "f1": 0.8721174004192871,
        "support": 243
    },
    "judge-None-patient": {
        "precision": 0.75,
        "recall": 0.75,
        "f1": 0.75,
        "support": 4
    },
    "pose": {
        "precision": 1.0,
        "recall": 0.42857142857142855,
        "f1": 0.6,
        "support": 7
    },
    "function-patient": {
        "precision": 0.8446969696969697,
        "recall": 0.825925925925926,
        "f1": 0.8352059925093633,
        "support": 270
    },
    "PN-Negative-patient": {
        "precision": 0.967741935483871,
        "recall": 0.9448818897637795,
        "f1": 0.9561752988047808,
        "support": 254
    },
    "state-patient": {
        "precision": 0.8564593301435407,
        "recall": 0.8817733990147784,
        "f1": 0.8689320388349514,
        "support": 1827
    },
    "quality_progress-start-patient": {
        "precision": 0.926605504587156,
        "recall": 0.9528301886792453,
        "f1": 0.9395348837209303,
        "support": 106
    },
    "SocialHistory": {
        "precision": 0.8888888888888888,
        "recall": 1.0,
        "f1": 0.9411764705882353,
        "support": 8
    },
    "item": {
        "precision": 0.8748466257668711,
        "recall": 0.8621523579201935,
        "f1": 0.8684531059683314,
        "support": 827
    },
    "food": {
        "precision": 1.0,
        "recall": 1.0,
        "f1": 1.0,
        "support": 3
    },
    "judge-Suspicious-others": {
        "precision": 0.0,
        "recall": 0.0,
        "f1": 0,
        "support": 3
    },
    "value-patient": {
        "precision": 0.910828025477707,
        "recall": 0.9482758620689655,
        "f1": 0.9291747888239117,
        "support": 754
    },
    "smoking-current-patient": {
        "precision": 0.875,
        "recall": 1.0,
        "f1": 0.9333333333333333,
        "support": 7
    },
    "quality_progress-no_change-others": {
        "precision": 0,
        "recall": 0.0,
        "f1": 0,
        "support": 1
    },
    "treatment": {
        "precision": 0.8861607142857143,
        "recall": 0.8961625282167043,
        "f1": 0.8911335578002246,
        "support": 443
    },
    "quantity_evaluation-normal-patient": {
        "precision": 0.6842105263157895,
        "recall": 0.8666666666666667,
        "f1": 0.7647058823529413,
        "support": 15
    },
    "quality_evaluation-patient": {
        "precision": 0,
        "recall": 0.0,
        "f1": 0,
        "support": 2
    },
    "person-others": {
        "precision": 0.6666666666666666,
        "recall": 0.5714285714285714,
        "f1": 0.6153846153846153,
        "support": 7
    },
    "body-others": {
        "precision": 0.5,
        "recall": 0.29411764705882354,
        "f1": 0.37037037037037035,
        "support": 17
    },
    "quality_progress-improve-others": {
        "precision": 0,
        "recall": 0.0,
        "f1": 0,
        "support": 1
    },
    "quality_progress-patient": {
        "precision": 0.8936170212765957,
        "recall": 0.9545454545454546,
        "f1": 0.9230769230769231,
        "support": 44
    },
    "quality_evaluation-mild-patient": {
        "precision": 0.9411764705882353,
        "recall": 0.9411764705882353,
        "f1": 0.9411764705882353,
        "support": 34
    },
    "judge-future-others": {
        "precision": 0.5,
        "recall": 0.3333333333333333,
        "f1": 0.4,
        "support": 3
    },
    "drinking-current-patient": {
        "precision": 1.0,
        "recall": 1.0,
        "f1": 1.0,
        "support": 6
    },
    "PresentCondition": {
        "precision": 1.0,
        "recall": 1.0,
        "f1": 1.0,
        "support": 23
    },
    "organization": {
        "precision": 0.9568345323741008,
        "recall": 0.9366197183098591,
        "f1": 0.9466192170818505,
        "support": 142
    },
    "gene-others": {
        "precision": 0,
        "recall": 0.0,
        "f1": 0,
        "support": 2
    },
    "judge-Positive-others": {
        "precision": 0,
        "recall": 0.0,
        "f1": 0,
        "support": 2
    },
    "quantity_evaluation-High-others": {
        "precision": 0,
        "recall": 0.0,