{
    "quality_progress-worsen-patient": {
        "precision": 0.8461538461538461,
        "recall": 0.9705882352941176,
        "f1": 0.9041095890410958,
        "support": 34
    },
    "consultation": {
        "precision": 0.9644670050761421,
        "recall": 0.979381443298969,
        "f1": 0.9718670076726341,
        "support": 194
    },
    "action": {
        "precision": 0.5,
        "recall": 0.3333333333333333,
        "f1": 0.4,
        "support": 3
    },
    "quality_evaluation-patient": {
        "precision": 0,
        "recall": 0.0,
        "f1": 0,
        "support": 2
    },
    "quality_progress-improve-patient": {
        "precision": 0.9473684210526315,
        "recall": 0.9310344827586207,
        "f1": 0.9391304347826087,
        "support": 58
    },
    "judge-Negative-patient": {
        "precision": 1.0,
        "recall": 0.75,
        "f1": 0.8571428571428571,
        "support": 8
    },
    "PN-Positive-others": {
        "precision": 0.2857142857142857,
        "recall": 0.125,
        "f1": 0.17391304347826086,
        "support": 16
    },
    "body-others": {
        "precision": 0.5833333333333334,
        "recall": 0.3181818181818182,
        "f1": 0.4117647058823529,
        "support": 22
    },
    "quality_evaluation-moderate-patient": {
        "precision": 1.0,
        "recall": 0.5,
        "f1": 0.6666666666666666,
        "support": 2
    },
    "intention-NG": {
        "precision": 1.0,
        "recall": 1.0,
        "f1": 1.0,
        "support": 1
    },
    "execute": {
        "precision": 0.9506172839506173,
        "recall": 0.9482758620689655,
        "f1": 0.9494451294697903,
        "support": 406
    },
    "item": {
        "precision": 0.8946047678795483,
        "recall": 0.8663426488456865,
        "f1": 0.880246913580247,
        "support": 823
    },
    "PN-None-patient": {
        "precision": 0.0,
        "recall": 0.0,
        "f1": 0,
        "support": 1
    },
    "sex-patient": {
        "precision": 1.0,
        "recall": 1.0,
        "f1": 1.0,
        "support": 36
    },
    "person-family": {
        "precision": 0.9565217391304348,
        "recall": 0.9565217391304348,
        "f1": 0.9565217391304348,
        "support": 23
    },
    "quantity_progress-no_change-others": {
        "precision": 0,
        "recall": 0.0,
        "f1": 0,
        "support": 2
    },
    "quantity_progress-decrease-others": {
        "precision": 0,
        "recall": 0.0,
        "f1": 0,
        "support": 1
    },
    "food": {
        "precision": 1.0,
        "recall": 1.0,
        "f1": 1.0,
        "support": 3
    },
    "quantity_progress-patient": {
        "precision": 0.8333333333333334,
        "recall": 0.625,
        "f1": 0.7142857142857143,
        "support": 8
    },
    "quality_progress-no_change-patient": {
        "precision": 0.5714285714285714,
        "recall": 0.8888888888888888,
        "f1": 0.6956521739130435,
        "support": 9
    },
    "tissue-others": {
        "precision": 1.0,
        "recall": 0.25,
        "f1": 0.4,
        "support": 4
    },
    "value-others": {
        "precision": 0.21052631578947367,
        "recall": 0.10526315789473684,
        "f1": 0.14035087719298245,
        "support": 38
    },
    "PN-Negative-patient": {
        "precision": 0.968,
        "recall": 0.952755905511811,
        "f1": 0.9603174603174602,
        "support": 254
    },
    "state-patient": {
        "precision": 0.8330741316744427,
        "recall": 0.907909604519774,
        "f1": 0.8688834820221681,
        "support": 1770
    },
    "quality_evaluation-severe-others": {
        "precision": 0,
        "recall": 0.0,
        "f1": 0,
        "support": 1
    },
    "judge-future-patient": {
        "precision": 0.2857142857142857,
        "recall": 0.4,
        "f1": 0.3333333333333333,
        "support": 5
    },
    "PN-Positive-patient": {
        "precision": 0.9377245508982036,
        "recall": 0.9654747225647349,
        "f1": 0.951397326852977,
        "support": 811
    },
    "quality_progress-no_change-others": {
        "precision": 0,
        "recall": 0.0,
        "f1": 0,
        "support": 1
    },
    "activity-patient": {
        "precision": 0.8,
        "recall": 0.6666666666666666,
        "f1": 0.7272727272727272,
        "support": 12
    },
    "person-others": {
        "precision": 0.8,
        "recall": 0.5714285714285714,
        "f1": 0.6666666666666666,
        "support": 7
    },
    "explain": {
        "precision": 0.3333333333333333,
        "recall": 1.0,
        "f1": 0.5,
        "support": 1
    },
    "gene-others": {
        "precision": 0,
        "recall": 0.0,
        "f1": 0,
        "support": 2
    },
    "judge-Suspicious-patient": {
        "precision": 0.7714285714285715,
        "recall": 0.8709677419354839,
        "f1": 0.8181818181818182,
        "support": 31
    },
    "PresentHistory": {
        "precision": 1.0,
        "recall": 1.0,
        "f1": 1.0,
        "support": 32
    },
    "quality_evaluation-severe-patient": {
        "precision": 0.9344262295081968,
        "recall": 0.9827586206896551,
        "f1": 0.9579831932773109,
        "support": 58
    },
    "quality_evaluation-mild-patient": {
        "precision": 0.9411764705882353,
        "recall": 0.9411764705882353,
        "f1": 0.9411764705882353,
        "support": 34
    },
    "person-patient": {
        "precision": 0.9230769230769231,
        "recall": 0.9795918367346939,
        "f1": 0.9504950495049506,
        "support": 49
    },
    "function-others": {
        "precision": 0.0,
        "recall": 0.0,
        "f1": 0,
        "support": 2
    },
    "PN-Negative-others": {
        "precision": 0.95,
        "recall": 0.8636363636363636,
        "f1": 0.9047619047619048,
        "support": 22
    },
    "SocialHistory": {
        "precision": 1.0,
        "recall": 1.0,
        "f1": 1.0,
        "support": 8
    },
    "pose": {
        "precision": 1.0,
        "recall": 0.7142857142857143,
        "f1": 0.8333333333333333,
        "support": 7
    },
    "detail": {
        "precision": 0.5,
        "recall": 0.6,
        "f1": 0.5454545454545454,
        "support": 20
    },
    "age-patient": {
        "precision": 0.9375,
        "recall": 1.0,
        "f1": 0.967741935483871,
        "support": 105
    },
    "quality_progress-worsen-others": {
        "precision": 0,
        "recall": 0.0,
        "f1": 0,
        "support": 4
    },
    "PastHistory": {
        "precision": 1.0,
        "recall": 1.0,
        "f1": 1.0,
        "support": 34
    },
    "MedicationHistory": {
        "precision": 1.0,
        "recall": 0.5,
        "f1": 0.6666666666666666,
        "support": 4
    },
    "laterality": {
        "precision": 0.9523809523809523,
        "recall": 0.9696969696969697,
        "f1": 0.960960960960961,
        "support": 165
    },
    "clinical_test": {
        "precision": 0.8606194690265486,
        "recall": 0.9046511627906977,
        "f1": 0.8820861678004536,
        "support": 430
    },
    "gene-patient": {
        "precision": 0.6470588235294118,
        "recall": 0.9166666666666666,
        "f1": 0.7586206896551724,
        "support": 12
    },
    "spacial_concept": {
        "precision": 0.8787878787878788,
        "recall": 0.8854961832061069,
        "f1": 0.8821292775665399,
        "support": 131
    },
    "frequency": {
        "precision": 0.8333333333333334,
        "recall": 0.8333333333333334,
        "f1": 0.8333333333333334,
        "support": 6
    },
    "function-patient": {
        "precision": 0.8146853146853147,
        "recall": 0.8694029850746269,
        "f1": 0.8411552346570397,
        "support": 268
    },
    "allergy-patient": {
        "precision": 1.0,
        "recall": 1.0,
        "f1": 1.0,
        "support": 2
    },
    "quality_progress-patient": {
        "precision": 0.9487179487179487,
        "recall": 0.8409090909090909,
        "f1": 0.891566265060241,