{
    "drug": {
        "precision": 0.8830645161290323,
        "recall": 0.9201680672268907,
        "f1": 0.9012345679012345,
        "support": 238
    },
    "value-others": {
        "precision": 0.42857142857142855,
        "recall": 0.07894736842105263,
        "f1": 0.13333333333333333,
        "support": 38
    },
    "SocialHistory": {
        "precision": 1.0,
        "recall": 1.0,
        "f1": 1.0,
        "support": 8
    },
    "judge-Suspicious-others": {
        "precision": 0.0,
        "recall": 0.0,
        "f1": 0,
        "support": 3
    },
    "age-patient": {
        "precision": 0.9813084112149533,
        "recall": 1.0,
        "f1": 0.9905660377358491,
        "support": 105
    },
    "state-patient": {
        "precision": 0.9168657429526995,
        "recall": 0.9406862745098039,
        "f1": 0.9286232760706508,
        "support": 2040
    },
    "quality_progress-no_change-patient": {
        "precision": 0.8,
        "recall": 0.8888888888888888,
        "f1": 0.8421052631578948,
        "support": 9
    },
    "body-patient": {
        "precision": 0.9523373052245646,
        "recall": 0.9178445229681979,
        "f1": 0.9347728295096716,
        "support": 1132
    },
    "time": {
        "precision": 0.9530583214793741,
        "recall": 0.9682080924855492,
        "f1": 0.9605734767025089,
        "support": 692
    },
    "quantity_evaluation-patient": {
        "precision": 0,
        "recall": 0.0,
        "f1": 0,
        "support": 1
    },
    "body-others": {
        "precision": 0.7,
        "recall": 0.35,
        "f1": 0.4666666666666667,
        "support": 20
    },
    "info": {
        "precision": 0.6666666666666666,
        "recall": 0.36363636363636365,
        "f1": 0.4705882352941177,
        "support": 11
    },
    "state-others": {
        "precision": 0.782051282051282,
        "recall": 0.5865384615384616,
        "f1": 0.6703296703296703,
        "support": 104
    },
    "drinking-current-patient": {
        "precision": 1.0,
        "recall": 1.0,
        "f1": 1.0,
        "support": 6
    },
    "quality_evaluation-patient": {
        "precision": 0,
        "recall": 0.0,
        "f1": 0,
        "support": 2
    },
    "quality_progress-no_change-others": {
        "precision": 0,
        "recall": 0.0,
        "f1": 0,
        "support": 1
    },
    "quantity_progress-decrease-patient": {
        "precision": 0.8235294117647058,
        "recall": 0.875,
        "f1": 0.8484848484848485,
        "support": 16
    },
    "frequency": {
        "precision": 0.5,
        "recall": 0.6,
        "f1": 0.5454545454545454,
        "support": 5
    },
    "intention-NG": {
        "precision": 0.5,
        "recall": 1.0,
        "f1": 0.6666666666666666,
        "support": 1
    },
    "PresentHistory": {
        "precision": 1.0,
        "recall": 1.0,
        "f1": 1.0,
        "support": 32
    },
    "person-patient": {
        "precision": 0.9245283018867925,
        "recall": 1.0,
        "f1": 0.9607843137254902,
        "support": 49
    },
    "tissue-patient": {
        "precision": 0.8466666666666667,
        "recall": 0.8819444444444444,
        "f1": 0.8639455782312925,
        "support": 144
    },
    "quality_progress-improve-others": {
        "precision": 0.0,
        "recall": 0.0,
        "f1": 0,
        "support": 1
    },
    "quality_evaluation-mild-patient": {
        "precision": 0.8857142857142857,
        "recall": 0.9393939393939394,
        "f1": 0.9117647058823529,
        "support": 33
    },
    "sex-patient": {
        "precision": 1.0,
        "recall": 1.0,
        "f1": 1.0,
        "support": 36
    },
    "quantity_evaluation-Low-patient": {
        "precision": 0.9444444444444444,
        "recall": 0.9622641509433962,
        "f1": 0.9532710280373832,
        "support": 53
    },
    "tissue-others": {
        "precision": 1.0,
        "recall": 0.25,
        "f1": 0.4,
        "support": 4
    },
    "food": {
        "precision": 0.6666666666666666,
        "recall": 0.6666666666666666,
        "f1": 0.6666666666666666,
        "support": 3
    },
    "quantity_progress-patient": {
        "precision": 0.7142857142857143,
        "recall": 0.7142857142857143,
        "f1": 0.7142857142857143,
        "support": 7
    },
    "pose": {
        "precision": 1.0,
        "recall": 0.14285714285714285,
        "f1": 0.25,
        "support": 7
    },
    "quantity_progress-increase-patient": {
        "precision": 0.7333333333333333,
        "recall": 0.8461538461538461,
        "f1": 0.7857142857142856,
        "support": 13
    },
    "time_span": {
        "precision": 0.75,
        "recall": 0.7714285714285715,
        "f1": 0.7605633802816902,
        "support": 35
    },
    "intention-OK": {
        "precision": 0,
        "recall": 0.0,
        "f1": 0,
        "support": 2
    },
    "quantity_evaluation-High-patient": {
        "precision": 0.8771929824561403,
        "recall": 0.9259259259259259,
        "f1": 0.9009009009009009,
        "support": 54
    },
    "judge-Positive-patient": {
        "precision": 0.8666666666666667,
        "recall": 0.8863636363636364,
        "f1": 0.8764044943820225,
        "support": 88
    },
    "ChiefComplaint": {
        "precision": 1.0,
        "recall": 1.0,
        "f1": 1.0,
        "support": 27
    },
    "judge-future-patient": {
        "precision": 0.375,
        "recall": 0.6,
        "f1": 0.4615384615384615,
        "support": 5
    },
    "PN-None-patient": {
        "precision": 0.0,
        "recall": 0.0,
        "f1": 0,
        "support": 1
    },
    "allergy-patient": {
        "precision": 1.0,
        "recall": 1.0,
        "f1": 1.0,
        "support": 2
    },
    "quality_evaluation-severe-patient": {
        "precision": 0.9655172413793104,
        "recall": 0.9824561403508771,
        "f1": 0.9739130434782608,
        "support": 57
    },
    "smoking-stop-patient": {
        "precision": 1.0,
        "recall": 1.0,
        "f1": 1.0,
        "support": 1
    },
    "function-others": {
        "precision": 0,
        "recall": 0.0,
        "f1": 0,
        "support": 2
    },
    "quality_progress-worsen-patient": {
        "precision": 0.8947368421052632,
        "recall": 0.9444444444444444,
        "f1": 0.918918918918919,
        "support": 36
    },
    "PresentCondition": {
        "precision": 1.0,
        "recall": 1.0,
        "f1": 1.0,
        "support": 23
    },
    "detail": {
        "precision": 0.5714285714285714,
        "recall": 0.6,
        "f1": 0.5853658536585366,
        "support": 20
    },
    "quality_progress-improve-patient": {
        "precision": 0.9473684210526315,
        "recall": 0.9473684210526315,
        "f1": 0.9473684210526315,
        "support": 57
    },
    "judge-future-others": {
        "precision": 1.0,
        "recall": 0.5,
        "f1": 0.6666666666666666,
        "support": 2
    },
    "item": {
        "precision": 0.9424552429667519,
        "recall": 0.920099875156055,
        "f1": 0.9311433986102338,
        "support": 801
    },
    "PN-Positive-patient": {
        "precision": 0.9670050761421319,
        "recall": 0.9633375474083439,
        "f1": 0.9651678277390754,
        "support": 791
    },
    "judge-Suspicious-patient": {
        "precision": 0.7297297297297297,
        "recall": 0.8709677419354839,
        "f1": 0.7941176470588235,
        "support": 31
    },
    "action": {
        "precision": 0.6666666666666666,
        "recall": 0.6666666666666666,
        "f1": 0.6666666666666666,
        "support": 3
    },
    "spacial_concept": {
        "precision": 0.9025974025974026,
        "recall": 0.9266666666666666,
        "f1": 0.9144736842105262,
        "support": 150
    },
    "quantity_evaluation-normal-patient": {
        "precision": 0.5652173913043478,
        "recall": 0.8666666666666667,
        "f1": 0.6842105263157895,
        "support": 15
    },