{
    "quantity_evaluation-patient": {
        "precision": 0.0,
        "recall": 0.0,
        "f1": 0,
        "support": 1
    },
    "quality_progress-recover-patient": {
        "precision": 0.7391304347826086,
        "recall": 0.7391304347826086,
        "f1": 0.7391304347826085,
        "support": 23
    },
    "quality_progress-worsen-patient": {
        "precision": 0.875,
        "recall": 0.9722222222222222,
        "f1": 0.9210526315789473,
        "support": 36
    },
    "quality_progress-improve-others": {
        "precision": 0.0,
        "recall": 0.0,
        "f1": 0,
        "support": 1
    },
    "quality_evaluation-patient": {
        "precision": 0,
        "recall": 0.0,
        "f1": 0,
        "support": 2
    },
    "smoking-current-patient": {
        "precision": 0.875,
        "recall": 1.0,
        "f1": 0.9333333333333333,
        "support": 7
    },
    "tissue-patient": {
        "precision": 0.8767123287671232,
        "recall": 0.8888888888888888,
        "f1": 0.8827586206896552,
        "support": 144
    },
    "PN-None-patient": {
        "precision": 0.0,
        "recall": 0.0,
        "f1": 0,
        "support": 1
    },
    "quality_progress-start-others": {
        "precision": 0.0,
        "recall": 0.0,
        "f1": 0,
        "support": 2
    },
    "organization": {
        "precision": 1.0,
        "recall": 0.9436619718309859,
        "f1": 0.9710144927536231,
        "support": 142
    },
    "sex-patient": {
        "precision": 1.0,
        "recall": 1.0,
        "f1": 1.0,
        "support": 36
    },
    "quality_progress-no_change-others": {
        "precision": 0,
        "recall": 0.0,
        "f1": 0,
        "support": 1
    },
    "quality_evaluation-mild-patient": {
        "precision": 0.9411764705882353,
        "recall": 0.9696969696969697,
        "f1": 0.955223880597015,
        "support": 33
    },
    "ChiefComplaint": {
        "precision": 1.0,
        "recall": 1.0,
        "f1": 1.0,
        "support": 27
    },
    "quality_evaluation-moderate-patient": {
        "precision": 1.0,
        "recall": 0.5,
        "f1": 0.6666666666666666,
        "support": 2
    },
    "clinical_test": {
        "precision": 0.89738430583501,
        "recall": 0.9632829373650108,
        "f1": 0.9291666666666667,
        "support": 463
    },
    "judge-Positive-others": {
        "precision": 0,
        "recall": 0.0,
        "f1": 0,
        "support": 2
    },
    "spacial_concept": {
        "precision": 0.9097222222222222,
        "recall": 0.8733333333333333,
        "f1": 0.891156462585034,
        "support": 150
    },
    "quality_progress-worsen-others": {
        "precision": 0,
        "recall": 0.0,
        "f1": 0,
        "support": 4
    },
    "quality_progress-improve-patient": {
        "precision": 0.9473684210526315,
        "recall": 0.9473684210526315,
        "f1": 0.9473684210526315,
        "support": 57
    },
    "value-others": {
        "precision": 0.6363636363636364,
        "recall": 0.18421052631578946,
        "f1": 0.2857142857142857,
        "support": 38
    },
    "PN-Positive-patient": {
        "precision": 0.9654731457800512,
        "recall": 0.9532828282828283,
        "f1": 0.9593392630241423,
        "support": 792
    },
    "allergy-patient": {
        "precision": 1.0,
        "recall": 1.0,
        "f1": 1.0,
        "support": 2
    },
    "laterality": {
        "precision": 0.9520958083832335,
        "recall": 0.9875776397515528,
        "f1": 0.9695121951219513,
        "support": 161
    },
    "drug": {
        "precision": 0.9282511210762332,
        "recall": 0.8697478991596639,
        "f1": 0.8980477223427332,
        "support": 238
    },
    "person-family": {
        "precision": 0.9166666666666666,
        "recall": 0.9565217391304348,
        "f1": 0.9361702127659574,
        "support": 23
    },
    "PN-Positive-others": {
        "precision": 0.3333333333333333,
        "recall": 0.08333333333333333,
        "f1": 0.13333333333333333,
        "support": 12
    },
    "pose": {
        "precision": 1.0,
        "recall": 0.14285714285714285,
        "f1": 0.25,
        "support": 7
    },
    "MedicationHistory": {
        "precision": 0.6666666666666666,
        "recall": 0.5,
        "f1": 0.5714285714285715,
        "support": 4
    },
    "quality_evaluation-severe-others": {
        "precision": 0,
        "recall": 0.0,
        "f1": 0,
        "support": 1
    },
    "incident": {
        "precision": 0,
        "recall": 0.0,
        "f1": 0,
        "support": 1
    },
    "unit": {
        "precision": 0.9681020733652312,
        "recall": 0.988599348534202,
        "f1": 0.9782433521353747,
        "support": 614
    },
    "judge-Negative-patient": {
        "precision": 1.0,
        "recall": 0.625,
        "f1": 0.7692307692307693,
        "support": 8
    },
    "quantity_progress-decrease-patient": {
        "precision": 0.7368421052631579,
        "recall": 0.875,
        "f1": 0.7999999999999999,
        "support": 16
    },
    "PresentCondition": {
        "precision": 1.0,
        "recall": 1.0,
        "f1": 1.0,
        "support": 23
    },
    "drinking-current-patient": {
        "precision": 1.0,
        "recall": 1.0,
        "f1": 1.0,
        "support": 6
    },
    "smoking-stop-patient": {
        "precision": 1.0,
        "recall": 1.0,
        "f1": 1.0,
        "support": 1
    },
    "intention-NG": {
        "precision": 1.0,
        "recall": 1.0,
        "f1": 1.0,
        "support": 1
    },
    "judge-Suspicious-others": {
        "precision": 0.0,
        "recall": 0.0,
        "f1": 0,
        "support": 3
    },
    "activity-patient": {
        "precision": 0.6923076923076923,
        "recall": 0.75,
        "f1": 0.7199999999999999,
        "support": 12
    },
    "tissue-others": {
        "precision": 1.0,
        "recall": 0.25,
        "f1": 0.4,
        "support": 4
    },
    "FamilyHistory": {
        "precision": 1.0,
        "recall": 0.9666666666666667,
        "f1": 0.983050847457627,
        "support": 30
    },
    "quantity_progress-increase-patient": {
        "precision": 0.7857142857142857,
        "recall": 0.8461538461538461,
        "f1": 0.8148148148148148,
        "support": 13
    },
    "consultation": {
        "precision": 0.9794871794871794,
        "recall": 0.9896373056994818,
        "f1": 0.9845360824742267,
        "support": 193
    },
    "SocialHistory": {
        "precision": 1.0,
        "recall": 1.0,
        "f1": 1.0,
        "support": 8
    },
    "judge-None-patient": {
        "precision": 0.5,
        "recall": 0.25,
        "f1": 0.3333333333333333,
        "support": 4
    },
    "judge-future-patient": {
        "precision": 0.5,
        "recall": 0.6,
        "f1": 0.5454545454545454,
        "support": 5
    },
    "info": {
        "precision": 0.7777777777777778,
        "recall": 0.6363636363636364,
        "f1": 0.7000000000000001,
        "support": 11
    },
    "device": {
        "precision": 0.6,
        "recall": 0.6,
        "f1": 0.6,
        "support": 30
    },
    "time_span": {
        "precision": 0.6857142857142857,
        "recall": 0.6857142857142857,
        "f1": 0.6857142857142857,
        "support": 35
    },
    "quantity_evaluation-normal-patient": {
        "precision": 0.7222222222222222,
        "recall": 0.8666666666666667,
        "f1": 0.7878787878787877,
        "support": 15
    },
    "PastHistory": {
        "precision": 0.918918918918919,
        "recall": 1.0,
        "f1": 0.9577464788732395,
        "support": 34
    },
    "PresentHistory": {
        "precision": 1.0,
        "recall": 1.0,
        "f1": 1.0,
        "support": 32
    },
    "quantity_progress-no_change-patient": {
        "precision": 0.0,
        "recall": 0,
        "f1": 0,
        "support": 0
    },
    "quality_progress-patient": {
        "precision": 0.9069767441860465,
        "recall": 0.9069767441860465,