{
    "drug": {
        "precision": 0.8353413654618473,
        "recall": 0.8739495798319328,
        "f1": 0.8542094455852156,
        "support": 238
    },
    "value-others": {
        "precision": 0.42857142857142855,
        "recall": 0.07894736842105263,
        "f1": 0.13333333333333333,
        "support": 38
    },
    "SocialHistory": {
        "precision": 1.0,
        "recall": 1.0,
        "f1": 1.0,
        "support": 8
    },
    "judge-Suspicious-others": {
        "precision": 0.0,
        "recall": 0.0,
        "f1": 0,
        "support": 3
    },
    "age-patient": {
        "precision": 0.9626168224299065,
        "recall": 0.9809523809523809,
        "f1": 0.9716981132075471,
        "support": 105
    },
    "state-patient": {
        "precision": 0.8672735984666986,
        "recall": 0.8872549019607843,
        "f1": 0.8771504724981827,
        "support": 2040
    },
    "quality_progress-no_change-patient": {
        "precision": 0.7,
        "recall": 0.7777777777777778,
        "f1": 0.7368421052631577,
        "support": 9
    },
    "body-patient": {
        "precision": 0.9155060352831941,
        "recall": 0.8710247349823321,
        "f1": 0.8927116342236305,
        "support": 1132
    },
    "time": {
        "precision": 0.9415121255349501,
        "recall": 0.953757225433526,
        "f1": 0.9475951184493898,
        "support": 692
    },
    "quantity_evaluation-patient": {
        "precision": 0,
        "recall": 0.0,
        "f1": 0,
        "support": 1
    },
    "body-others": {
        "precision": 0.7,
        "recall": 0.35,
        "f1": 0.4666666666666667,
        "support": 20
    },
    "info": {
        "precision": 0.6666666666666666,
        "recall": 0.36363636363636365,
        "f1": 0.4705882352941177,
        "support": 11
    },
    "state-others": {
        "precision": 0.7692307692307693,
        "recall": 0.5769230769230769,
        "f1": 0.6593406593406593,
        "support": 104
    },
    "drinking-current-patient": {
        "precision": 1.0,
        "recall": 1.0,
        "f1": 1.0,
        "support": 6
    },
    "quality_evaluation-patient": {
        "precision": 0,
        "recall": 0.0,
        "f1": 0,
        "support": 2
    },
    "quality_progress-no_change-others": {
        "precision": 0,
        "recall": 0.0,
        "f1": 0,
        "support": 1
    },
    "quantity_progress-decrease-patient": {
        "precision": 0.8235294117647058,
        "recall": 0.875,
        "f1": 0.8484848484848485,
        "support": 16
    },
    "frequency": {
        "precision": 0.5,
        "recall": 0.6,
        "f1": 0.5454545454545454,
        "support": 5
    },
    "intention-NG": {
        "precision": 0.5,
        "recall": 1.0,
        "f1": 0.6666666666666666,
        "support": 1
    },
    "PresentHistory": {
        "precision": 1.0,
        "recall": 1.0,
        "f1": 1.0,
        "support": 32
    },
    "person-patient": {
        "precision": 0.9056603773584906,
        "recall": 0.9795918367346939,
        "f1": 0.9411764705882353,
        "support": 49
    },
    "tissue-patient": {
        "precision": 0.8013698630136986,
        "recall": 0.8125,
        "f1": 0.806896551724138,
        "support": 144
    },
    "quality_progress-improve-others": {
        "precision": 0.0,
        "recall": 0.0,
        "f1": 0,
        "support": 1
    },
    "quality_evaluation-mild-patient": {
        "precision": 0.8857142857142857,
        "recall": 0.9393939393939394,
        "f1": 0.9117647058823529,
        "support": 33
    },
    "sex-patient": {
        "precision": 1.0,
        "recall": 1.0,
        "f1": 1.0,
        "support": 36
    },
    "quantity_evaluation-Low-patient": {
        "precision": 0.9444444444444444,
        "recall": 0.9622641509433962,
        "f1": 0.9532710280373832,
        "support": 53
    },
    "tissue-others": {
        "precision": 1.0,
        "recall": 0.25,
        "f1": 0.4,
        "support": 4
    },
    "food": {
        "precision": 0.6666666666666666,
        "recall": 0.6666666666666666,
        "f1": 0.6666666666666666,
        "support": 3
    },
    "quantity_progress-patient": {
        "precision": 0.7142857142857143,
        "recall": 0.7142857142857143,
        "f1": 0.7142857142857143,
        "support": 7
    },
    "pose": {
        "precision": 1.0,
        "recall": 0.14285714285714285,
        "f1": 0.25,
        "support": 7
    },
    "quantity_progress-increase-patient": {
        "precision": 0.7333333333333333,
        "recall": 0.8461538461538461,
        "f1": 0.7857142857142856,
        "support": 13
    },
    "time_span": {
        "precision": 0.7142857142857143,
        "recall": 0.7142857142857143,
        "f1": 0.7142857142857143,
        "support": 35
    },
    "intention-OK": {
        "precision": 0,
        "recall": 0.0,
        "f1": 0,
        "support": 2
    },
    "quantity_evaluation-High-patient": {
        "precision": 0.8596491228070176,
        "recall": 0.9074074074074074,
        "f1": 0.8828828828828829,
        "support": 54
    },
    "judge-Positive-patient": {
        "precision": 0.8351648351648352,
        "recall": 0.8636363636363636,
        "f1": 0.8491620111731844,
        "support": 88
    },
    "ChiefComplaint": {
        "precision": 1.0,
        "recall": 1.0,
        "f1": 1.0,
        "support": 27
    },
    "judge-future-patient": {
        "precision": 0.125,
        "recall": 0.2,
        "f1": 0.15384615384615385,
        "support": 5
    },
    "PN-None-patient": {
        "precision": 0.0,
        "recall": 0.0,
        "f1": 0,
        "support": 1
    },
    "allergy-patient": {
        "precision": 1.0,
        "recall": 1.0,
        "f1": 1.0,
        "support": 2
    },
    "quality_evaluation-severe-patient": {
        "precision": 0.9655172413793104,
        "recall": 0.9824561403508771,
        "f1": 0.9739130434782608,
        "support": 57
    },
    "smoking-stop-patient": {
        "precision": 1.0,
        "recall": 1.0,
        "f1": 1.0,
        "support": 1
    },
    "function-others": {
        "precision": 0,
        "recall": 0.0,
        "f1": 0,
        "support": 2
    },
    "quality_progress-worsen-patient": {
        "precision": 0.868421052631579,
        "recall": 0.9166666666666666,
        "f1": 0.8918918918918918,
        "support": 36
    },
    "PresentCondition": {
        "precision": 1.0,
        "recall": 1.0,
        "f1": 1.0,
        "support": 23
    },
    "detail": {
        "precision": 0.42857142857142855,
        "recall": 0.45,
        "f1": 0.4390243902439024,
        "support": 20
    },
    "quality_progress-improve-patient": {
        "precision": 0.9298245614035088,
        "recall": 0.9298245614035088,
        "f1": 0.9298245614035088,
        "support": 57
    },
    "judge-future-others": {
        "precision": 1.0,
        "recall": 0.5,
        "f1": 0.6666666666666666,
        "support": 2
    },
    "item": {
        "precision": 0.8958868894601543,
        "recall": 0.8701622971285893,
        "f1": 0.882837238758708,
        "support": 801
    },
    "PN-Positive-patient": {
        "precision": 0.9491094147582697,
        "recall": 0.943109987357775,
        "f1": 0.9461001902346227,
        "support": 791
    },
    "judge-Suspicious-patient": {
        "precision": 0.7027027027027027,
        "recall": 0.8387096774193549,
        "f1": 0.7647058823529411,
        "support": 31
    },
    "action": {
        "precision": 0.6666666666666666,
        "recall": 0.6666666666666666,
        "f1": 0.6666666666666666,
        "support": 3
    },
    "spacial_concept": {
        "precision": 0.8709677419354839,
        "recall": 0.9,
        "f1": 0.8852459016393444,
        "support": 150
    },
    "quantity_evaluation-normal-patient": {
        "precision": 0.5652173913043478,
        "recall": 0.8666666666666667,
        "f1": 0.6842105263157895,
        "support": 15
    },